{"app":["/app-6b2921bd728c914a9865.js"],"component---src-pages-404-js":["/component---src-pages-404-js-586b10895d64981dc3c0.js"],"component---src-pages-actriz-saber-mas-js":[],"component---src-pages-asesora-saber-mas-js":["/component---src-pages-asesora-saber-mas-js-cb1d0821dcb921ba7d24.js"],"component---src-pages-directora-saber-mas-js":["/component---src-pages-directora-saber-mas-js-bb5c4251a3285ae4623e.js"],"component---src-pages-index-js":["/component---src-pages-index-js-c884d88ea085ccf7abd9.js"],"component---src-pages-performer-galeria-430-galeria-js":["/component---src-pages-performer-galeria-430-galeria-js-96a8608b0690eb83edc7.js"],"component---src-pages-performer-gbs-1-laboratorio-js":["/component---src-pages-performer-gbs-1-laboratorio-js-2919ca9813fe9072004f.js"],"component---src-pages-performer-gbs-2-practicas-js":["/component---src-pages-performer-gbs-2-practicas-js-12efdc5a64c3eeec5500.js"],"component---src-pages-performer-gbs-3-festival-js":["/component---src-pages-performer-gbs-3-festival-js-0ffeb2e6bb8b21fad336.js"],"component---src-pages-performer-gbs-4-tfm-js":["/component---src-pages-performer-gbs-4-tfm-js-2c42fe6b4196300595ec.js"],"component---src-pages-performer-gbs-5-bsar-js":["/component---src-pages-performer-gbs-5-bsar-js-4fe4cd51d54653d49a5c.js"],"component---src-pages-performer-gbs-6-mvur-js":["/component---src-pages-performer-gbs-6-mvur-js-6358adf936f4c6743ca6.js"],"component---src-pages-performer-gbs-7-pv-js":["/component---src-pages-performer-gbs-7-pv-js-2b2dd99418d91132bc80.js"],"component---src-pages-performer-gbs-8-costa-js":["/component---src-pages-performer-gbs-8-costa-js-f7d00a507375f2e18041.js"],"component---src-pages-performer-gbs-gbs-js":["/component---src-pages-performer-gbs-gbs-js-64c727ace97e813e63c8.js"],"component---src-pages-performer-saber-mas-js":["/component---src-pages-performer-saber-mas-js-056ad998b6397d0b2095.js"]}