{"name":"build-javascript","namedChunkGroups":{"app":{"name":"app","assets":[{"name":"webpack-runtime-b02707d0d244f0bc58b1.js","size":5838},{"name":"framework-378bd8e57ee717184c0a.js","size":140735},{"name":"app-6b2921bd728c914a9865.js","size":63852}],"filteredAssets":0,"assetsSize":210425,"filteredAuxiliaryAssets":3,"auxiliaryAssetsSize":605466},"component---src-pages-404-js":{"name":"component---src-pages-404-js","assets":[{"name":"component---src-pages-404-js-586b10895d64981dc3c0.js","size":276}],"filteredAssets":0,"assetsSize":276,"filteredAuxiliaryAssets":1,"auxiliaryAssetsSize":355},"component---src-pages-actriz-saber-mas-js":{"name":"component---src-pages-actriz-saber-mas-js","assets":[{"name":"styles.c17e3154256b7966de17.css","size":66886},{"name":"2cca2479-bd488a72782ecd95a108.js","size":4180},{"name":"dce37388fa9736e55853484f9e4b9f1bf8fd3658-eefdfdf3074ed52edb7d.js","size":80778}],"filteredAssets":0,"assetsSize":151844,"filteredAuxiliaryAssets":31,"auxiliaryAssetsSize":10635404},"component---src-pages-asesora-saber-mas-js":{"name":"component---src-pages-asesora-saber-mas-js","assets":[{"name":"styles.c17e3154256b7966de17.css","size":66886},{"name":"2cca2479-bd488a72782ecd95a108.js","size":4180},{"name":"dce37388fa9736e55853484f9e4b9f1bf8fd3658-eefdfdf3074ed52edb7d.js","size":80778},{"name":"component---src-pages-asesora-saber-mas-js-cb1d0821dcb921ba7d24.js","size":18919}],"filteredAssets":0,"assetsSize":170763,"filteredAuxiliaryAssets":36,"auxiliaryAssetsSize":11643001},"component---src-pages-directora-saber-mas-js":{"name":"component---src-pages-directora-saber-mas-js","assets":[{"name":"styles.c17e3154256b7966de17.css","size":66886},{"name":"2cca2479-bd488a72782ecd95a108.js","size":4180},{"name":"dce37388fa9736e55853484f9e4b9f1bf8fd3658-eefdfdf3074ed52edb7d.js","size":80778},{"name":"component---src-pages-directora-saber-mas-js-bb5c4251a3285ae4623e.js","size":20712}],"filteredAssets":0,"assetsSize":172556,"filteredAuxiliaryAssets":32,"auxiliaryAssetsSize":10682209},"component---src-pages-index-js":{"name":"component---src-pages-index-js","assets":[{"name":"styles.c17e3154256b7966de17.css","size":66886},{"name":"2cca2479-bd488a72782ecd95a108.js","size":4180},{"name":"dce37388fa9736e55853484f9e4b9f1bf8fd3658-eefdfdf3074ed52edb7d.js","size":80778},{"name":"component---src-pages-index-js-c884d88ea085ccf7abd9.js","size":28390}],"filteredAssets":0,"assetsSize":180234,"filteredAuxiliaryAssets":36,"auxiliaryAssetsSize":11745534},"component---src-pages-performer-galeria-430-galeria-js":{"name":"component---src-pages-performer-galeria-430-galeria-js","assets":[{"name":"styles.c17e3154256b7966de17.css","size":66886},{"name":"2cca2479-bd488a72782ecd95a108.js","size":4180},{"name":"dce37388fa9736e55853484f9e4b9f1bf8fd3658-eefdfdf3074ed52edb7d.js","size":80778},{"name":"component---src-pages-performer-galeria-430-galeria-js-96a8608b0690eb83edc7.js","size":1895}],"filteredAssets":0,"assetsSize":153739,"filteredAuxiliaryAssets":37,"auxiliaryAssetsSize":11212360},"component---src-pages-performer-gbs-1-laboratorio-js":{"name":"component---src-pages-performer-gbs-1-laboratorio-js","assets":[{"name":"styles.c17e3154256b7966de17.css","size":66886},{"name":"2cca2479-bd488a72782ecd95a108.js","size":4180},{"name":"dce37388fa9736e55853484f9e4b9f1bf8fd3658-eefdfdf3074ed52edb7d.js","size":80778},{"name":"component---src-pages-performer-gbs-1-laboratorio-js-2919ca9813fe9072004f.js","size":3683}],"filteredAssets":0,"assetsSize":155527,"filteredAuxiliaryAssets":48,"auxiliaryAssetsSize":16287618},"component---src-pages-performer-gbs-2-practicas-js":{"name":"component---src-pages-performer-gbs-2-practicas-js","assets":[{"name":"styles.c17e3154256b7966de17.css","size":66886},{"name":"2cca2479-bd488a72782ecd95a108.js","size":4180},{"name":"dce37388fa9736e55853484f9e4b9f1bf8fd3658-eefdfdf3074ed52edb7d.js","size":80778},{"name":"component---src-pages-performer-gbs-2-practicas-js-12efdc5a64c3eeec5500.js","size":8755}],"filteredAssets":0,"assetsSize":160599,"filteredAuxiliaryAssets":76,"auxiliaryAssetsSize":28730498},"component---src-pages-performer-gbs-3-festival-js":{"name":"component---src-pages-performer-gbs-3-festival-js","assets":[{"name":"styles.c17e3154256b7966de17.css","size":66886},{"name":"2cca2479-bd488a72782ecd95a108.js","size":4180},{"name":"dce37388fa9736e55853484f9e4b9f1bf8fd3658-eefdfdf3074ed52edb7d.js","size":80778},{"name":"component---src-pages-performer-gbs-3-festival-js-0ffeb2e6bb8b21fad336.js","size":5099}],"filteredAssets":0,"assetsSize":156943,"filteredAuxiliaryAssets":56,"auxiliaryAssetsSize":15769723},"component---src-pages-performer-gbs-4-tfm-js":{"name":"component---src-pages-performer-gbs-4-tfm-js","assets":[{"name":"styles.c17e3154256b7966de17.css","size":66886},{"name":"2cca2479-bd488a72782ecd95a108.js","size":4180},{"name":"dce37388fa9736e55853484f9e4b9f1bf8fd3658-eefdfdf3074ed52edb7d.js","size":80778},{"name":"component---src-pages-performer-gbs-4-tfm-js-2c42fe6b4196300595ec.js","size":2910}],"filteredAssets":0,"assetsSize":154754,"filteredAuxiliaryAssets":44,"auxiliaryAssetsSize":15333958},"component---src-pages-performer-gbs-5-bsar-js":{"name":"component---src-pages-performer-gbs-5-bsar-js","assets":[{"name":"styles.c17e3154256b7966de17.css","size":66886},{"name":"2cca2479-bd488a72782ecd95a108.js","size":4180},{"name":"dce37388fa9736e55853484f9e4b9f1bf8fd3658-eefdfdf3074ed52edb7d.js","size":80778},{"name":"component---src-pages-performer-gbs-5-bsar-js-4fe4cd51d54653d49a5c.js","size":4324}],"filteredAssets":0,"assetsSize":156168,"filteredAuxiliaryAssets":52,"auxiliaryAssetsSize":17234489},"component---src-pages-performer-gbs-6-mvur-js":{"name":"component---src-pages-performer-gbs-6-mvur-js","assets":[{"name":"styles.c17e3154256b7966de17.css","size":66886},{"name":"2cca2479-bd488a72782ecd95a108.js","size":4180},{"name":"dce37388fa9736e55853484f9e4b9f1bf8fd3658-eefdfdf3074ed52edb7d.js","size":80778},{"name":"component---src-pages-performer-gbs-6-mvur-js-6358adf936f4c6743ca6.js","size":2144}],"filteredAssets":0,"assetsSize":153988,"filteredAuxiliaryAssets":40,"auxiliaryAssetsSize":12055933},"component---src-pages-performer-gbs-7-pv-js":{"name":"component---src-pages-performer-gbs-7-pv-js","assets":[{"name":"styles.c17e3154256b7966de17.css","size":66886},{"name":"2cca2479-bd488a72782ecd95a108.js","size":4180},{"name":"dce37388fa9736e55853484f9e4b9f1bf8fd3658-eefdfdf3074ed52edb7d.js","size":80778},{"name":"component---src-pages-performer-gbs-7-pv-js-2b2dd99418d91132bc80.js","size":10267}],"filteredAssets":0,"assetsSize":162111,"filteredAuxiliaryAssets":66,"auxiliaryAssetsSize":30807929},"component---src-pages-performer-gbs-8-costa-js":{"name":"component---src-pages-performer-gbs-8-costa-js","assets":[{"name":"styles.c17e3154256b7966de17.css","size":66886},{"name":"2cca2479-bd488a72782ecd95a108.js","size":4180},{"name":"dce37388fa9736e55853484f9e4b9f1bf8fd3658-eefdfdf3074ed52edb7d.js","size":80778},{"name":"component---src-pages-performer-gbs-8-costa-js-f7d00a507375f2e18041.js","size":18895}],"filteredAssets":0,"assetsSize":170739,"filteredAuxiliaryAssets":68,"auxiliaryAssetsSize":32061199},"component---src-pages-performer-gbs-gbs-js":{"name":"component---src-pages-performer-gbs-gbs-js","assets":[{"name":"styles.c17e3154256b7966de17.css","size":66886},{"name":"2cca2479-bd488a72782ecd95a108.js","size":4180},{"name":"dce37388fa9736e55853484f9e4b9f1bf8fd3658-eefdfdf3074ed52edb7d.js","size":80778},{"name":"component---src-pages-performer-gbs-gbs-js-64c727ace97e813e63c8.js","size":3711}],"filteredAssets":0,"assetsSize":155555,"filteredAuxiliaryAssets":40,"auxiliaryAssetsSize":13044617},"component---src-pages-performer-saber-mas-js":{"name":"component---src-pages-performer-saber-mas-js","assets":[{"name":"styles.c17e3154256b7966de17.css","size":66886},{"name":"2cca2479-bd488a72782ecd95a108.js","size":4180},{"name":"dce37388fa9736e55853484f9e4b9f1bf8fd3658-eefdfdf3074ed52edb7d.js","size":80778},{"name":"component---src-pages-performer-saber-mas-js-056ad998b6397d0b2095.js","size":20054}],"filteredAssets":0,"assetsSize":171898,"filteredAuxiliaryAssets":40,"auxiliaryAssetsSize":12354147}},"assetsByChunkName":{"app":["webpack-runtime-b02707d0d244f0bc58b1.js","framework-378bd8e57ee717184c0a.js","app-6b2921bd728c914a9865.js"],"component---src-pages-404-js":["component---src-pages-404-js-586b10895d64981dc3c0.js"],"component---src-pages-actriz-saber-mas-js":["styles.c17e3154256b7966de17.css","2cca2479-bd488a72782ecd95a108.js","dce37388fa9736e55853484f9e4b9f1bf8fd3658-eefdfdf3074ed52edb7d.js"],"component---src-pages-asesora-saber-mas-js":["styles.c17e3154256b7966de17.css","2cca2479-bd488a72782ecd95a108.js","dce37388fa9736e55853484f9e4b9f1bf8fd3658-eefdfdf3074ed52edb7d.js","component---src-pages-asesora-saber-mas-js-cb1d0821dcb921ba7d24.js"],"component---src-pages-directora-saber-mas-js":["styles.c17e3154256b7966de17.css","2cca2479-bd488a72782ecd95a108.js","dce37388fa9736e55853484f9e4b9f1bf8fd3658-eefdfdf3074ed52edb7d.js","component---src-pages-directora-saber-mas-js-bb5c4251a3285ae4623e.js"],"component---src-pages-index-js":["styles.c17e3154256b7966de17.css","2cca2479-bd488a72782ecd95a108.js","dce37388fa9736e55853484f9e4b9f1bf8fd3658-eefdfdf3074ed52edb7d.js","component---src-pages-index-js-c884d88ea085ccf7abd9.js"],"component---src-pages-performer-galeria-430-galeria-js":["styles.c17e3154256b7966de17.css","2cca2479-bd488a72782ecd95a108.js","dce37388fa9736e55853484f9e4b9f1bf8fd3658-eefdfdf3074ed52edb7d.js","component---src-pages-performer-galeria-430-galeria-js-96a8608b0690eb83edc7.js"],"component---src-pages-performer-gbs-1-laboratorio-js":["styles.c17e3154256b7966de17.css","2cca2479-bd488a72782ecd95a108.js","dce37388fa9736e55853484f9e4b9f1bf8fd3658-eefdfdf3074ed52edb7d.js","component---src-pages-performer-gbs-1-laboratorio-js-2919ca9813fe9072004f.js"],"component---src-pages-performer-gbs-2-practicas-js":["styles.c17e3154256b7966de17.css","2cca2479-bd488a72782ecd95a108.js","dce37388fa9736e55853484f9e4b9f1bf8fd3658-eefdfdf3074ed52edb7d.js","component---src-pages-performer-gbs-2-practicas-js-12efdc5a64c3eeec5500.js"],"component---src-pages-performer-gbs-3-festival-js":["styles.c17e3154256b7966de17.css","2cca2479-bd488a72782ecd95a108.js","dce37388fa9736e55853484f9e4b9f1bf8fd3658-eefdfdf3074ed52edb7d.js","component---src-pages-performer-gbs-3-festival-js-0ffeb2e6bb8b21fad336.js"],"component---src-pages-performer-gbs-4-tfm-js":["styles.c17e3154256b7966de17.css","2cca2479-bd488a72782ecd95a108.js","dce37388fa9736e55853484f9e4b9f1bf8fd3658-eefdfdf3074ed52edb7d.js","component---src-pages-performer-gbs-4-tfm-js-2c42fe6b4196300595ec.js"],"component---src-pages-performer-gbs-5-bsar-js":["styles.c17e3154256b7966de17.css","2cca2479-bd488a72782ecd95a108.js","dce37388fa9736e55853484f9e4b9f1bf8fd3658-eefdfdf3074ed52edb7d.js","component---src-pages-performer-gbs-5-bsar-js-4fe4cd51d54653d49a5c.js"],"component---src-pages-performer-gbs-6-mvur-js":["styles.c17e3154256b7966de17.css","2cca2479-bd488a72782ecd95a108.js","dce37388fa9736e55853484f9e4b9f1bf8fd3658-eefdfdf3074ed52edb7d.js","component---src-pages-performer-gbs-6-mvur-js-6358adf936f4c6743ca6.js"],"component---src-pages-performer-gbs-7-pv-js":["styles.c17e3154256b7966de17.css","2cca2479-bd488a72782ecd95a108.js","dce37388fa9736e55853484f9e4b9f1bf8fd3658-eefdfdf3074ed52edb7d.js","component---src-pages-performer-gbs-7-pv-js-2b2dd99418d91132bc80.js"],"component---src-pages-performer-gbs-8-costa-js":["styles.c17e3154256b7966de17.css","2cca2479-bd488a72782ecd95a108.js","dce37388fa9736e55853484f9e4b9f1bf8fd3658-eefdfdf3074ed52edb7d.js","component---src-pages-performer-gbs-8-costa-js-f7d00a507375f2e18041.js"],"component---src-pages-performer-gbs-gbs-js":["styles.c17e3154256b7966de17.css","2cca2479-bd488a72782ecd95a108.js","dce37388fa9736e55853484f9e4b9f1bf8fd3658-eefdfdf3074ed52edb7d.js","component---src-pages-performer-gbs-gbs-js-64c727ace97e813e63c8.js"],"component---src-pages-performer-saber-mas-js":["styles.c17e3154256b7966de17.css","2cca2479-bd488a72782ecd95a108.js","dce37388fa9736e55853484f9e4b9f1bf8fd3658-eefdfdf3074ed52edb7d.js","component---src-pages-performer-saber-mas-js-056ad998b6397d0b2095.js"]},"childAssetsByChunkName":{}}